{"BtnCmd":{"id":"BtnCmd","name":"BtnCmd","author":"Minty Trebor","version":"0.10.12","license":"GPL-2.0-or-later","homepage":"https://github.com/MintyTrebor","dwcVersion":"3.4","dwcDependencies":[],"sbcRequired":false,"sbcDsfVersion":null,"sbcData":{},"sbcExecutable":null,"sbcExecutableArguments":null,"sbcExtraExecutables":[],"sbcOutputRedirected":true,"sbcPermissions":[],"sbcPackageDependencies":[],"sbcPythonDependencies":[],"sbcPluginDependencies":[],"rrfVersion":null,"dwcWebpackChunk":"BtnCmd","dependencies":{"mqtt":"^4.3.7","deepmerge":"^4.2.2","axios":"^0.27.2","vue-draggable-resizable":"^2.3.0","jsonpath":"^1.1.1","vuedraggable":"^2.24.3"},"dsfFiles":[],"dwcFiles":["BtnCmd.570d804f.css","BtnCmd.570d804f.css.gz","BtnCmd.62ffe018.js","BtnCmd.62ffe018.js.gz","BtnCmd.62ffe018.js.map","BtnCmd.62ffe018.js.map.gz"],"sdFiles":[],"pid":-1}}