{"btnCmdVersion":"0.10.13","btnCmdIDUpdateRun":false,"systemSettings":{"lastID":1,"lastTabID":2,"lastEventID":1,"lastPanelID":1,"lastInputID":1,"last_SBCC_Cmd_ID":1002},"globalSettings":{"enableActionMsg":true,"enableMQTT":false,"enableEvents":false,"MQTTUserName":"","MQTTPassword":"","MQTTServer":"","MQTTPort":1883,"MQTTClientID":"BtnCmd","enableSelects":true,"lastBackupFileName":"BtnCmdAutoRestore","pluginMinimumHeight":0,"enableGC_SH_Btn":false,"defaultGC_Hidden":false,"enableSBCC":false,"enableAutoBackup":true,"ABackupFileName":" BtnCmdAutoRestore"},"SBCCSettings":{"HTTP_Port":"8091","API_KEY":1234567890234,"SUBNET":"0.0.0.0"},"monitoredEvents":[{"eventID":1,"eventType":"status","eventOnlyInPrint":true,"eventTrigValue":"busy","eventTrigActionType":"http","eventTrigActionCmd":"http://","eventTrigActionTopic":"","eventEnabled":false,"eventName":"Example Event","eventTgrmChatID":"","eventTgrmAPIToken":"","eventHttpType":"GET","eventHttpData":null,"eventHttpContType":"text"}],"btns":[{"btnID":"da809ea4-2ef9-BTN604-b222-22bea150cb6b","btnLabel":"Calibrate","btnType":"http","btnActionData":"http://drybox/calibrate","btnTopicData":"","btnEnableWhileJob":true,"btnColour":"#1E88E5FF","btnGroupIdx":"a2eefa07-5f59-TAB88a-8631-e9d8a799f3f7","btnIcon":"","btnHoverText":"Make sure the weight is on the spool holder","btnXpos":621,"btnYpos":228,"autoSize":false,"btnHsize":60,"btnWsize":268,"btnHttpType":"POST","btnHttpData":"{\"weight\": \"#omv[global.calWeight]\"} ","btnHttpContType":"text","btnZIndex":21,"btnWinHSize":200,"btnWinWSize":200,"btnReqConf":true,"btnConfText":"Make sure Weight is on spool holder","btnSBCCShowResult":false},{"btnID":"4d1b6956-e7c7-BTNb11-a3c2-02def4b66f3b","btnLabel":"Clear  Calibration","btnType":"http","btnActionData":"http://drybox/emptycalibrate?dwc=1 ","btnTopicData":"","btnEnableWhileJob":true,"btnColour":"#2196F3FF","btnGroupIdx":"a2eefa07-5f59-TAB88a-8631-e9d8a799f3f7","btnIcon":"","btnHoverText":"Please remove all items from spool holder","btnXpos":623,"btnYpos":76,"autoSize":false,"btnHsize":60,"btnWsize":265,"btnHttpType":"GET","btnHttpData":"{\"weight\": \"#omv[global.calWeight]\"} ","btnHttpContType":"text","btnZIndex":32,"btnWinHSize":200,"btnWinWSize":200,"btnReqConf":true,"btnConfText":"Are You Sure?","btnSBCCShowResult":false},{"btnID":"a4add4c6-26f3-BTN2dc-a5d7-5cd767b8a660","btnLabel":"Tare","btnType":"http","btnActionData":"http://drybox/tare?dwc=1","btnTopicData":"","btnEnableWhileJob":true,"btnColour":"#1E88E5FF","btnGroupIdx":"9ccabb96-206e-TAB479-b56a-c49d49da29b0","btnIcon":"","btnHoverText":"Zero Scales","btnXpos":440,"btnYpos":19,"autoSize":false,"btnHsize":60,"btnWsize":285,"btnHttpType":"GET","btnHttpData":null,"btnHttpContType":"text","btnZIndex":16,"btnWinHSize":200,"btnWinWSize":200,"btnReqConf":true,"btnConfText":"Is everything removed from the  load cell","btnSBCCShowResult":false},{"btnID":"7f1f50f8-d155-BTNa31-8033-f5871f399896","btnLabel":"Set empty Spool weight","btnType":"http","btnActionData":"http://drybox/spool","btnTopicData":"","btnEnableWhileJob":true,"btnColour":"#1E88E5FF","btnGroupIdx":"9ccabb96-206e-TAB479-b56a-c49d49da29b0","btnIcon":"","btnHoverText":"take off spool weight from measured weight","btnXpos":440,"btnYpos":178,"autoSize":false,"btnHsize":60,"btnWsize":286,"btnHttpType":"POST","btnHttpData":"{\"weight\": \"#omv[global.emptySpoolWeight]\"} ","btnHttpContType":"text","btnZIndex":19,"btnWinHSize":200,"btnWinWSize":200,"btnReqConf":true,"btnConfText":"have you entered empty spool weight","btnSBCCShowResult":false}],"tabs":[{"tabID":2,"embedTab":true,"icon":"mdi-view-module","translated":false,"caption":"Temperatures","numberOfColumns":12,"showWebCam":false,"showAltWebCam":false,"tabEnableSnap":true,"tabGridSize":[20,20],"lastZIndex":2},{"tabID":"9ccabb96-206e-TAB479-b56a-c49d49da29b0","embedTab":false,"icon":"mdi-view-module","translated":false,"caption":"Valkyrie Dry Box","numberOfColumns":12,"showWebCam":false,"showAltWebCam":false,"tabEnableSnap":false,"tabGridSize":[1,1],"lastZIndex":28},{"tabID":"a2eefa07-5f59-TAB88a-8631-e9d8a799f3f7","embedTab":false,"icon":"mdi-view-module","translated":false,"caption":"Calibration","numberOfColumns":12,"showWebCam":false,"showAltWebCam":false,"tabEnableSnap":false,"tabGridSize":[1,1],"lastZIndex":42},{"tabID":"687e511f-d337-TAB4e7-a411-30085a821af0","embedTab":false,"icon":"mdi-view-module","translated":false,"caption":"ESP","numberOfColumns":12,"showWebCam":false,"showAltWebCam":false,"tabEnableSnap":false,"tabGridSize":[1,1],"lastZIndex":2}],"panels":[{"panelID":"bfa014e9-3525-PANEL7a0-b039-3a9489cc24bd","tabID":"9ccabb96-206e-TAB479-b56a-c49d49da29b0","panelType":"vInput","panelYpos":100,"panelXpos":80,"panelHSize":60,"panelWSize":280,"panelZIndex":9,"panelMMPrefix":"","panelMMPath":"","panelMMOrientation":"H","panelMMPrefixColor":"","panelMMValueColor":"","panelMMTextSize":"body-2","panelColor":"","panelBGColor":"","panelUseDWCThemeBGColor":true,"panelHoverText":"This is hover text","borderless":false,"customPanelID":null,"altWebCamParams":{"altWebCamURL":"http://","altWebCamRotation":0,"altWebCamFlip":"none","altWebCamUpdateTimer":0,"altWebCamiFrame":false,"altWebCamAppndHTTP":false,"altWebCamClickURL":""},"MMParams":{},"inputClass":"variable","inputType":"text","inputPrefixText":"Humidity","inputSuffixText":"","inputEnableClear":false,"inputLastVal":"Error%RH","inputVarName":"dryBoxRH","inputDispType":"input","inputControlVals":[],"inputControlRange":[0,100],"inputControlSteps":1,"bPanelActivated":false},{"panelID":"90e5e74b-e6d7-PANEL60b-8e5a-62c366e6eaf4","tabID":"9ccabb96-206e-TAB479-b56a-c49d49da29b0","panelType":"vInput","panelYpos":180,"panelXpos":60,"panelHSize":60,"panelWSize":280,"panelZIndex":10,"panelMMPrefix":"","panelMMPath":"","panelMMOrientation":"H","panelMMPrefixColor":"","panelMMValueColor":"","panelMMTextSize":"body-2","panelColor":"","panelBGColor":"","panelUseDWCThemeBGColor":true,"panelHoverText":"This is hover text","borderless":false,"customPanelID":null,"altWebCamParams":{"altWebCamURL":"http://","altWebCamRotation":0,"altWebCamFlip":"none","altWebCamUpdateTimer":0,"altWebCamiFrame":false,"altWebCamAppndHTTP":false,"altWebCamClickURL":""},"MMParams":{},"inputClass":"variable","inputType":"text","inputPrefixText":"Temperature","inputSuffixText":"","inputEnableClear":false,"inputLastVal":"ErrorC","inputVarName":"dryBoxTC","inputDispType":"input","inputControlVals":[],"inputControlRange":[0,100],"inputControlSteps":1,"bPanelActivated":false},{"panelID":"6836931c-826c-PANELc0d-b37f-55dd3b1ed3d7","tabID":"a2eefa07-5f59-TAB88a-8631-e9d8a799f3f7","panelType":"mmValue","panelYpos":0,"panelXpos":520,"panelHSize":60,"panelWSize":363,"panelZIndex":4,"panelMMPrefix":"Total Weight","panelMMPath":"global.totalWeight","panelMMOrientation":"H","panelMMPrefixColor":"#232323FF","panelMMValueColor":"#2E2E2EFF","panelMMTextSize":"h5","panelColor":"#FF9800FF","panelBGColor":"","panelUseDWCThemeBGColor":true,"panelHoverText":"This is hover text","borderless":false,"customPanelID":null,"altWebCamParams":{"altWebCamURL":"http://","altWebCamRotation":0,"altWebCamFlip":"none","altWebCamUpdateTimer":0,"altWebCamiFrame":false,"altWebCamAppndHTTP":false,"altWebCamClickURL":""},"MMParams":{},"inputClass":"variable","inputType":"text","inputPrefixText":"","inputSuffixText":"","inputEnableClear":false,"inputLastVal":"","inputVarName":"","inputDispType":"","inputControlVals":[],"inputControlRange":[],"inputControlSteps":1,"bPanelActivated":false},{"panelID":"c28b454a-b548-PANEL81a-8182-81f52edb23a3","tabID":"a2eefa07-5f59-TAB88a-8631-e9d8a799f3f7","panelType":"mmValue","panelYpos":0,"panelXpos":0,"panelHSize":60,"panelWSize":500,"panelZIndex":16,"panelMMPrefix":"","panelMMPath":"global.instructions","panelMMOrientation":"H","panelMMPrefixColor":"#272525FF","panelMMValueColor":"#313131FF","panelMMTextSize":"h6","panelColor":"#FF9800FF","panelBGColor":"","panelUseDWCThemeBGColor":true,"panelHoverText":"This is hover text","borderless":false,"customPanelID":null,"altWebCamParams":{"altWebCamURL":"http://","altWebCamRotation":0,"altWebCamFlip":"none","altWebCamUpdateTimer":0,"altWebCamiFrame":false,"altWebCamAppndHTTP":false,"altWebCamClickURL":""},"MMParams":{},"inputClass":"variable","inputType":"text","inputPrefixText":"","inputSuffixText":"","inputEnableClear":false,"inputLastVal":"","inputVarName":"","inputDispType":"","inputControlVals":[],"inputControlRange":[],"inputControlSteps":1,"bPanelActivated":false},{"panelID":"80174ef8-bddd-PANELe6a-9f62-d0e6bffa766e","tabID":"a2eefa07-5f59-TAB88a-8631-e9d8a799f3f7","panelType":"txtLabel","panelYpos":90,"panelXpos":20,"panelHSize":40,"panelWSize":360,"panelZIndex":34,"panelMMPrefix":"Remove spool from the scale and press this button:","panelMMPath":"","panelMMOrientation":"H","panelMMPrefixColor":"","panelMMValueColor":"","panelMMTextSize":"body-2","panelColor":"","panelBGColor":"","panelUseDWCThemeBGColor":true,"panelHoverText":"This is hover text","borderless":false,"customPanelID":null,"altWebCamParams":{"altWebCamURL":"http://","altWebCamRotation":0,"altWebCamFlip":"none","altWebCamUpdateTimer":0,"altWebCamiFrame":false,"altWebCamAppndHTTP":false,"altWebCamClickURL":""},"MMParams":{},"inputClass":"variable","inputType":"text","inputPrefixText":"","inputSuffixText":"","inputEnableClear":false,"inputLastVal":"","inputVarName":"","inputDispType":"","inputControlVals":[],"inputControlRange":[],"inputControlSteps":1,"bPanelActivated":false},{"panelID":"4f8a285a-27f0-PANEL8c6-b2d0-7b597a5b98b1","tabID":"a2eefa07-5f59-TAB88a-8631-e9d8a799f3f7","panelType":"txtLabel","panelYpos":164,"panelXpos":2,"panelHSize":40,"panelWSize":570,"panelZIndex":36,"panelMMPrefix":"Enter the value of your calibration weight  must be between 1000 to 4000 grams","panelMMPath":"","panelMMOrientation":"H","panelMMPrefixColor":"","panelMMValueColor":"","panelMMTextSize":"body-2","panelColor":"","panelBGColor":"","panelUseDWCThemeBGColor":true,"panelHoverText":"This is hover text","borderless":false,"customPanelID":null,"altWebCamParams":{"altWebCamURL":"http://","altWebCamRotation":0,"altWebCamFlip":"none","altWebCamUpdateTimer":0,"altWebCamiFrame":false,"altWebCamAppndHTTP":false,"altWebCamClickURL":""},"MMParams":{},"inputClass":"variable","inputType":"text","inputPrefixText":"","inputSuffixText":"","inputEnableClear":false,"inputLastVal":"","inputVarName":"","inputDispType":"","inputControlVals":[],"inputControlRange":[],"inputControlSteps":1,"bPanelActivated":false},{"panelID":"190f1fb0-cf23-PANEL1b1-a1e0-541ab67b9a5a","tabID":"a2eefa07-5f59-TAB88a-8631-e9d8a799f3f7","panelType":"txtLabel","panelYpos":234,"panelXpos":34,"panelHSize":40,"panelWSize":360,"panelZIndex":38,"panelMMPrefix":"Make sure the calibration weight  is on the spool holder","panelMMPath":"","panelMMOrientation":"H","panelMMPrefixColor":"","panelMMValueColor":"","panelMMTextSize":"body-2","panelColor":"","panelBGColor":"","panelUseDWCThemeBGColor":true,"panelHoverText":"This is hover text","borderless":false,"customPanelID":null,"altWebCamParams":{"altWebCamURL":"http://","altWebCamRotation":0,"altWebCamFlip":"none","altWebCamUpdateTimer":0,"altWebCamiFrame":false,"altWebCamAppndHTTP":false,"altWebCamClickURL":""},"MMParams":{},"inputClass":"variable","inputType":"text","inputPrefixText":"","inputSuffixText":"","inputEnableClear":false,"inputLastVal":"","inputVarName":"","inputDispType":"","inputControlVals":[],"inputControlRange":[],"inputControlSteps":1,"bPanelActivated":false},{"panelID":"44619e6e-97f2-PANELebd-bf81-af3ec06e543e","tabID":"9ccabb96-206e-TAB479-b56a-c49d49da29b0","panelType":"vInput","panelYpos":100,"panelXpos":440,"panelHSize":60,"panelWSize":281,"panelZIndex":18,"panelMMPrefix":"","panelMMPath":"","panelMMOrientation":"H","panelMMPrefixColor":"","panelMMValueColor":"","panelMMTextSize":"body-2","panelColor":"#4CAF50FF","panelBGColor":"","panelUseDWCThemeBGColor":true,"panelHoverText":"Enter empty spool weight & enter","borderless":false,"customPanelID":null,"altWebCamParams":{"altWebCamURL":"http://","altWebCamRotation":0,"altWebCamFlip":"none","altWebCamUpdateTimer":0,"altWebCamiFrame":false,"altWebCamAppndHTTP":false,"altWebCamClickURL":""},"MMParams":{},"inputClass":"variable","inputType":"text","inputPrefixText":"Empty spool weight","inputSuffixText":"g","inputEnableClear":true,"inputLastVal":0,"inputVarName":"emptySpoolWeight","inputDispType":"input","inputControlVals":[],"inputControlRange":[0,100],"inputControlSteps":1,"bPanelActivated":false},{"panelID":"c385f80b-eeda-PANELe1a-8fe4-3bfd9b03b63a","tabID":"a2eefa07-5f59-TAB88a-8631-e9d8a799f3f7","panelType":"vInput","panelYpos":152,"panelXpos":623,"panelHSize":60,"panelWSize":260,"panelZIndex":41,"panelMMPrefix":"","panelMMPath":"","panelMMOrientation":"H","panelMMPrefixColor":"","panelMMValueColor":"","panelMMTextSize":"body-2","panelColor":"#4CAF50FF","panelBGColor":"","panelUseDWCThemeBGColor":true,"panelHoverText":"Make sure you have entered the weight in grams and pressed enter","borderless":true,"customPanelID":null,"altWebCamParams":{"altWebCamURL":"http://","altWebCamRotation":0,"altWebCamFlip":"none","altWebCamUpdateTimer":0,"altWebCamiFrame":false,"altWebCamAppndHTTP":false,"altWebCamClickURL":""},"MMParams":{},"inputClass":"variable","inputType":"number","inputPrefixText":"Enter calibration weight","inputSuffixText":"g","inputEnableClear":true,"inputLastVal":0,"inputVarName":"calWeight","inputDispType":"input","inputControlVals":[],"inputControlRange":[0,100],"inputControlSteps":1,"bPanelActivated":false},{"panelID":"3355203b-427c-PANEL20a-9c95-57aa5b4ad3f9","tabID":"9ccabb96-206e-TAB479-b56a-c49d49da29b0","panelType":"mmValue","panelYpos":19,"panelXpos":34,"panelHSize":60,"panelWSize":392,"panelZIndex":26,"panelMMPrefix":"Filament Weight","panelMMPath":"global.filamentWeight","panelMMOrientation":"H","panelMMPrefixColor":"#141414FF","panelMMValueColor":"#141414FF","panelMMTextSize":"body-2","panelColor":"#FF9800FF","panelBGColor":"","panelUseDWCThemeBGColor":true,"panelHoverText":"This is hover text","borderless":false,"customPanelID":null,"altWebCamParams":{"altWebCamURL":"http://","altWebCamRotation":0,"altWebCamFlip":"none","altWebCamUpdateTimer":0,"altWebCamiFrame":false,"altWebCamAppndHTTP":false,"altWebCamClickURL":""},"MMParams":{},"inputClass":"variable","inputType":"text","inputPrefixText":"","inputSuffixText":"","inputEnableClear":false,"inputLastVal":"","inputVarName":"","inputDispType":"","inputControlVals":[],"inputControlRange":[],"inputControlSteps":1,"bPanelActivated":false},{"panelID":"11294451-0887-PANELc32-b7a0-e4a9feb25c53","tabID":"9ccabb96-206e-TAB479-b56a-c49d49da29b0","panelType":"mmValue","panelYpos":257,"panelXpos":34,"panelHSize":30,"panelWSize":685,"panelZIndex":27,"panelMMPrefix":"Saved  Spool Weight","panelMMPath":"global.preSpoolWeight","panelMMOrientation":"H","panelMMPrefixColor":"#141414FF","panelMMValueColor":"#141414FF","panelMMTextSize":"body-2","panelColor":"#FF9800FF","panelBGColor":"","panelUseDWCThemeBGColor":true,"panelHoverText":"This is hover text","borderless":false,"customPanelID":null,"altWebCamParams":{"altWebCamURL":"http://","altWebCamRotation":0,"altWebCamFlip":"none","altWebCamUpdateTimer":0,"altWebCamiFrame":false,"altWebCamAppndHTTP":false,"altWebCamClickURL":""},"MMParams":{},"inputClass":"variable","inputType":"text","inputPrefixText":"","inputSuffixText":"","inputEnableClear":false,"inputLastVal":"","inputVarName":"","inputDispType":"","inputControlVals":[],"inputControlRange":[],"inputControlSteps":1,"bPanelActivated":false},{"panelID":"686c5a6c-b6d4-PANELd28-a262-598e9b84120d","tabID":"687e511f-d337-TAB4e7-a411-30085a821af0","panelType":"remSrc","panelYpos":0,"panelXpos":0,"panelHSize":523,"panelWSize":1623,"panelZIndex":2,"panelMMPrefix":"","panelMMPath":"","panelMMOrientation":"H","panelMMPrefixColor":"","panelMMValueColor":"","panelMMTextSize":"body-2","panelColor":"","panelBGColor":"","panelUseDWCThemeBGColor":true,"panelHoverText":"This is hover text","borderless":false,"customPanelID":null,"altWebCamParams":{"altWebCamURL":"http://drybox","altWebCamRotation":0,"altWebCamFlip":"none","altWebCamUpdateTimer":0,"altWebCamiFrame":false,"altWebCamAppndHTTP":false,"altWebCamClickURL":""},"MMParams":{},"inputClass":"variable","inputType":"text","inputPrefixText":"","inputSuffixText":"","inputEnableClear":false,"inputLastVal":"","inputVarName":"","inputDispType":"","inputControlVals":[],"inputControlRange":[],"inputControlSteps":1,"bPanelActivated":false}],"SBCC_Cmds":[{"SBCC_Cmd_ID":1001,"SBCC_Cmd_Name":"Echo Test","SBCC_Cmd_CmdText":"echo 'If you see this Msg SBCC is working'","Enable_In_Job":true,"SBCC_Cmd_Timeout":30,"SBCC_ShowResult":true}]}